baybayin,ambiguity_type,word_count,unique_word_count,words
ᜎᜃᜒ,E/I,42,2,"lake, laki"
ᜊᜓᜆᜒ,COMBINED,40,2,"bote, buti"
ᜐᜒᜇ,COMBINED,38,3,"seda, sera, sira"
ᜆᜓᜇᜓ,COMBINED,38,3,"todo, toro, turo"
ᜇᜀᜈ᜔,D/R,36,2,"daan, raan"
ᜇᜋᜒ,D/R,35,2,"dami, rami"
ᜐᜓᜈᜓᜇ᜔,O/U,33,2,"sunod, sunud"
ᜐᜓᜎᜓ,O/U,32,2,"solo, sulo"
ᜇᜓᜂᜈ᜔,COMBINED,31,4,"doon, duon, roon, ruon"
ᜊᜓᜂ,O/U,29,2,"boo, buo"
ᜐᜃᜒᜆ᜔,E/I,29,2,"saket, sakit"
ᜇᜒᜆᜓ,COMBINED,28,3,"dito, reto, rito"
ᜆᜂ,O/U,28,2,"tao, tau"
ᜀᜌᜓᜐ᜔,O/U,27,2,"ayos, ayus"
ᜇᜓᜐ,COMBINED,25,3,"dusa, rosa, rusa"
ᜊᜒᜈ᜔ᜆ,E/I,24,2,"benta, binta"
ᜇᜎᜒ,COMBINED,24,3,"dale, dali, rali"
ᜇᜄ᜔ᜇᜄ᜔,D/R,23,2,"dagdag, ragdag"
ᜇᜒᜈᜒᜄ᜔,D/R,23,2,"dinig, rinig"
ᜐᜒᜄᜓᜇᜓ,E/I,22,2,"seguro, siguro"
ᜐᜒᜎ,E/I,22,2,"sela, sila"
ᜐᜓᜇᜒ,O/U,22,2,"sori, suri"
ᜊᜓᜆᜓ,O/U,21,2,"boto, buto"
ᜇᜋ᜔ᜇᜋ᜔,D/R,21,2,"damdam, ramdam"
ᜇᜆᜒ,D/R,21,2,"dati, rati"
ᜁᜏᜈ᜔,E/I,21,2,"ewan, iwan"
ᜆᜒᜇ,D/R,21,2,"tida, tira"
ᜆᜓᜆᜓ,O/U,21,2,"toto, tuto"
ᜑᜇᜒ,COMBINED,20,2,"hade, hari"
ᜎᜓᜆᜓ,O/U,18,2,"loto, luto"
ᜂᜉᜓ,O/U,18,2,"opo, upo"
ᜉᜓᜎᜓ,O/U,18,2,"polo, pulo"
ᜇᜋ,D/R,17,2,"dama, rama"
ᜊᜆᜒᜇ᜔,COMBINED,16,2,"bater, batid"
ᜋᜓᜇ,COMBINED,16,3,"moda, mora, mura"
ᜀᜋᜒᜈ᜔,E/I,15,2,"amen, amin"
ᜊᜎᜒ,E/I,15,2,"bale, bali"
ᜃᜓᜋ᜔ᜉ᜔ᜎᜒᜆᜓ,O/U,15,2,"kompleto, kumpleto"
ᜎᜒᜄᜒᜇ᜔,COMBINED,15,2,"leger, ligid"
ᜆᜓᜃ᜔ᜎᜐ᜔,O/U,15,2,"toklas, tuklas"
ᜀᜌᜓᜈ᜔,O/U,14,2,"ayon, ayun"
ᜇᜅᜎ᜔,D/R,14,2,"dangal, rangal"
ᜇᜌ,D/R,14,2,"daya, raya"
ᜇᜓᜋᜒ,D/R,14,2,"dumi, rumi"
ᜑᜁᜈ᜔,E/I,14,2,"haen, hain"
ᜑᜅᜇ᜔,D/R,14,2,"hangad, hangar"
ᜇᜒᜌᜓᜐ᜔,O/U,13,2,"diyos, diyus"
ᜇᜓᜇ,COMBINED,13,3,"duda, dura, roda"
ᜃᜓᜎ,O/U,13,2,"kola, kula"
ᜉᜓᜂᜆ᜔,O/U,13,2,"poot, puot"
ᜉᜓᜐᜓ,O/U,13,2,"poso, puso"
ᜆᜁ,E/I,13,2,"tae, tai"
ᜇᜒᜑᜒᜐ᜔ᜆ᜔ᜇᜓ,D/R,12,2,"dehistro, rehistro"
ᜇᜒᜃᜒᜆ᜔,D/R,12,2,"dikit, rikit"
ᜄᜊᜒ,E/I,12,2,"gabe, gabi"
ᜎᜎᜓ,O/U,12,2,"lalo, lalu"
ᜋᜓᜈ᜔ᜇᜓ,O/U,12,2,"mondo, mundo"
ᜐᜇ,D/R,12,2,"sada, sara"
ᜆᜒᜎ,E/I,12,2,"tela, tila"
ᜊᜎᜓᜆ᜔,O/U,11,2,"balot, balut"
ᜊᜇᜒᜎ᜔,E/I,11,2,"barel, baril"
ᜇᜒᜉᜐᜓ,D/R,11,2,"depaso, repaso"
ᜇᜒᜈ᜔,D/R,11,2,"din, rin"
ᜁᜅ᜔ᜎᜒᜐ᜔,E/I,11,3,"englis, ingles, inglis"
ᜁᜆᜓ,E/I,11,2,"eto, ito"
ᜑᜒᜄᜈ᜔ᜆᜒ,E/I,11,2,"higante, higanti"
ᜃᜓᜉ᜔ᜌ,O/U,11,2,"kopya, kupya"
ᜎᜑᜇ᜔,D/R,11,2,"lahad, lahar"
ᜎᜒᜃᜓᜇ᜔,D/R,11,2,"likod, likor"
ᜉᜇ,D/R,11,2,"pada, para"
ᜆᜓᜇᜒ,COMBINED,11,2,"tore, turi"
ᜊᜓᜇ,COMBINED,10,2,"boda, bura"
ᜊᜓᜃᜎ᜔,O/U,10,2,"bokal, bukal"
ᜊᜓᜎ,O/U,10,2,"bola, bula"
ᜊᜓᜏᜒᜐ᜔,E/I,10,2,"buwes, buwis"
ᜇᜒᜃ᜔ᜎᜋᜓ,D/R,10,2,"deklamo, reklamo"
ᜇᜒᜎ,E/I,10,2,"dela, dila"
ᜇᜒᜈ᜔ᜆ,D/R,10,2,"denta, renta"
ᜇᜒᜌᜈ᜔,D/R,10,2,"diyan, riyan"
ᜁᜐ᜔ᜉᜒᜇᜒᜆᜓ,COMBINED,10,3,"espirito, espiritu, ispirito"
ᜑᜒᜎᜒ,E/I,10,2,"hele, hili"
ᜃᜓᜇᜓ,COMBINED,10,3,"kodo, koro, kuro"
ᜎᜒᜋ,E/I,10,2,"lema, lima"
ᜋᜒᜐ,E/I,10,2,"mesa, misa"
ᜂᜐᜓ,O/U,10,2,"oso, uso"
ᜉᜇᜒ,E/I,10,2,"pare, pari"
ᜀᜊᜓ,O/U,9,2,"abo, abu"
ᜊᜐᜒ,E/I,9,2,"base, basi"
ᜊᜒᜎᜒᜈ᜔,E/I,9,2,"belen, bilin"
ᜇᜆᜓ,COMBINED,9,3,"dato, datu, rato"
ᜇᜒᜐᜒᜐ᜔ᜌᜓᜈ᜔,E/I,9,2,"desisyon, disisyon"
ᜇᜒᜐᜓᜎ᜔ᜆ,D/R,9,2,"desulta, resulta"
ᜁᜐ᜔ᜆᜒᜎᜓ,E/I,9,2,"estilo, istilo"
ᜄᜌᜓᜈ᜔,O/U,9,2,"gayon, gayun"
ᜄᜓᜄᜓᜎ᜔,O/U,9,2,"gogol, gugol"
ᜃᜓᜈ᜔ᜐᜓᜎ᜔ᜆ,O/U,9,2,"konsulta, kunsulta"
ᜃᜓᜈ᜔ᜆ᜔ᜇᜆ,O/U,9,2,"kontrata, kuntrata"
ᜎᜎᜃᜒ,E/I,9,2,"lalake, lalaki"
ᜎᜐᜒ,E/I,9,2,"lase, lasi"
ᜎᜒᜊ᜔ᜇᜒ,E/I,9,2,"libre, libri"
ᜋᜇᜎᜒ,COMBINED,9,3,"madale, madali, marali"
ᜉᜇᜒᜐ᜔,E/I,9,2,"pares, paris"
ᜉᜓᜎᜒᜆᜒᜃ,O/U,9,2,"politika, pulitika"
ᜉᜓᜈ᜔ᜇᜓ,O/U,9,2,"pondo, pundo"
ᜐᜋᜓ,O/U,9,2,"samo, samu"
ᜀᜊᜓᜄᜇᜓ,O/U,8,2,"abogado, abugado"
ᜊᜇ᜔ᜌ,D/R,8,2,"badya, barya"
ᜊᜒᜈ᜔ᜆᜒ,E/I,8,2,"bente, binti"
ᜇᜋᜓ,D/R,8,2,"damo, ramo"
ᜇᜆ,D/R,8,2,"data, rata"
ᜇᜒᜊᜒᜐ᜔ᜌᜓᜈ᜔,COMBINED,8,2,"dibisyon, rebisyon"
ᜇᜓᜊ᜔ᜎᜒ,COMBINED,8,4,"doble, duble, dubli, ruble"
ᜇᜓᜂ,COMBINED,8,3,"doo, duo, roo"
ᜁᜇᜇ᜔,E/I,8,2,"edad, idad"
ᜁᜐ᜔ᜃᜓᜏᜒᜎ,E/I,8,2,"eskuwela, iskuwela"
ᜑᜒᜈ᜔ᜇᜒ,E/I,8,2,"hinde, hindi"
ᜃᜐᜒ,E/I,8,2,"kase, kasi"
ᜃᜓᜋ᜔ᜉᜈ᜔ᜌ,O/U,8,2,"kompanya, kumpanya"
ᜎᜓᜎ,O/U,8,2,"lola, lula"
ᜎᜓᜎᜓ,O/U,8,2,"lolo, lulo"
ᜋᜓᜈ᜔ᜆᜒ,COMBINED,8,2,"monte, munti"
ᜈᜒᜆᜓ,E/I,8,2,"neto, nito"
ᜈᜓᜂ,O/U,8,2,"noo, nuo"
ᜉᜇ᜔ᜆᜒ,E/I,8,2,"parte, parti"
ᜉᜒᜆ᜔ᜐ,E/I,8,2,"petsa, pitsa"
ᜉᜓᜂᜃ᜔,O/U,8,2,"pook, puok"
ᜉᜓᜐᜒᜐ᜔ᜌᜓᜈ᜔,COMBINED,8,3,"posesyon, posisyon, pusisyon"
ᜐᜇᜒ,COMBINED,8,2,"sade, sari"
ᜐᜒᜄᜓᜇᜇᜓ,E/I,8,2,"segurado, sigurado"
ᜐᜒᜃ᜔ᜇᜒᜆᜓ,E/I,8,2,"sekreto, sikreto"
ᜐᜒᜊᜓᜎ᜔,O/U,8,2,"sibol, sibul"
ᜂᜎᜒ,E/I,8,2,"ule, uli"
ᜀᜎᜒ,E/I,7,2,"ale, ali"
ᜀᜉᜆ᜔ᜈᜉᜓ,O/U,7,2,"apatnapo, apatnapu"
ᜊᜃ᜔ᜆᜒᜇ᜔ᜌ,E/I,7,2,"bakterya, baktirya"
ᜊᜓᜊᜓ,O/U,7,2,"bobo, bubo"
ᜇᜄᜆ᜔,D/R,7,2,"dagat, ragat"
ᜇᜉᜆ᜔,D/R,7,2,"dapat, rapat"
ᜇᜒ,COMBINED,7,4,"de, di, re, ri"
ᜇᜒᜎᜓᜐ᜔,COMBINED,7,3,"delos, relos, rilos"
ᜇᜒᜇᜒᜃ᜔ᜐᜒᜌᜓᜈ᜔,E/I,7,2,"dereksiyon, direksiyon"
ᜇᜒᜇᜒᜆ᜔ᜐᜓ,E/I,7,2,"deretso, diretso"
ᜇᜒᜆᜒᜇᜓ,COMBINED,7,3,"detiro, retiro, ritiro"
ᜇᜒᜁᜈ᜔,COMBINED,7,3,"diin, reen, riin"
ᜇᜓᜃ᜔ᜆᜓᜇ᜔,COMBINED,7,4,"doktod, doktor, duktod, duktor"
ᜇᜓᜃ᜔ᜆ᜔ᜇᜒᜈ,O/U,7,2,"doktrina, duktrina"
ᜁᜑᜒ,E/I,7,2,"ehe, ihi"
ᜁᜃ᜔ᜐᜋᜒᜈ᜔,E/I,7,2,"eksamen, iksamen"
ᜁᜐ᜔ᜆᜆ᜔ᜏ,E/I,7,2,"estatwa, istatwa"
ᜁᜐ᜔ᜆᜓᜇ᜔ᜌᜈ᜔ᜆᜒ,E/I,7,2,"estudyante, istudyante"
ᜄᜈᜓᜂᜈ᜔,O/U,7,2,"ganoon, ganuon"
ᜄᜓᜊ᜔ᜌᜒᜇ᜔ᜈᜓ,O/U,7,2,"gobyerno, gubyerno"
ᜃᜓᜈᜒᜑᜓ,O/U,7,2,"koneho, kuneho"
ᜃᜓᜅ᜔,O/U,7,2,"kong, kung"
ᜃᜓᜈ᜔ᜐᜓᜋᜓ,O/U,7,2,"konsumo, kunsumo"
ᜃᜓᜈ᜔ᜆᜒᜈ᜔ᜆᜓ,O/U,7,2,"kontento, kuntento"
ᜃᜓᜇ᜔ᜌᜒᜈ᜔ᜆᜒ,O/U,7,2,"koryente, kuryente"
ᜃᜓᜇ᜔ᜎᜒᜆ᜔,D/R,7,2,"kudlit, kurlit"
ᜋᜓᜎᜒ,E/I,7,2,"mule, muli"
ᜂᜇᜓ,COMBINED,7,3,"odo, oro, uro"
ᜂᜃ᜔ᜆᜓᜊ᜔ᜇᜒ,O/U,7,2,"oktobre, oktubre"
ᜂᜃᜓᜉᜇᜓ,O/U,7,2,"okupado, ukupado"
ᜂᜉᜒᜐᜒᜈ,O/U,7,2,"opisina, upisina"
ᜂᜇ᜔ᜇᜒᜈᜈ᜔ᜐ,E/I,7,2,"ordenansa, ordinansa"
ᜉᜒᜆᜓᜋ᜔ᜉᜓ,O/U,7,2,"pitumpo, pitumpu"
ᜉᜓᜎᜒᜐ᜔,O/U,7,2,"polis, pulis"
ᜉᜓᜎᜒᜆᜒᜃᜓ,O/U,7,2,"politiko, pulitiko"
ᜉᜓᜆ,O/U,7,2,"pota, puta"
ᜇᜒᜄᜎᜓ,E/I,7,2,"regalo, rigalo"
ᜇᜒᜐᜒᜆ,E/I,7,2,"reseta, riseta"
ᜐᜓᜋ᜔ᜊ᜔ᜇᜒᜇᜓ,O/U,7,2,"sombrero, sumbrero"
ᜆᜒᜃ,E/I,7,2,"teka, tika"
ᜆᜒᜅᜒ,E/I,7,2,"tenge, tingi"
ᜀᜇ,D/R,6,2,"ada, ara"
ᜀᜆᜒ,E/I,6,2,"ate, ati"
ᜊᜒᜈᜒᜆ᜔,E/I,6,2,"binet, binit"
ᜊᜒᜐᜒᜃ᜔ᜎᜒᜆ,E/I,6,2,"bisekleta, bisikleta"
ᜊᜓᜆᜐ᜔,O/U,6,2,"botas, butas"
ᜊᜓᜆᜒᜃ,O/U,6,2,"botika, butika"
ᜇᜑᜐ᜔,D/R,6,2,"dahas, rahas"
ᜇᜎᜏᜋ᜔ᜉᜓ,O/U,6,2,"dalawampo, dalawampu"
ᜇᜋ᜔ᜉᜓᜆ᜔,D/R,6,2,"dampot, rampot"
ᜇᜉᜓ,D/R,6,2,"dapo, rapo"
ᜇᜏ᜔,D/R,6,2,"daw, raw"
ᜇᜒᜎᜒᜃᜇᜓ,E/I,6,2,"delikado, dilikado"
ᜇᜒᜋᜓᜈ᜔ᜌᜓ,E/I,6,2,"demonyo, dimonyo"
ᜇᜒᜉᜓᜐᜒᜆᜓ,E/I,6,2,"deposito, diposito"
ᜇᜒᜐᜒᜈ᜔ᜆᜒ,E/I,6,2,"desente, disente"
ᜇᜒᜐ᜔ᜉᜒᜆᜓ,D/R,6,2,"despeto, respeto"
ᜇᜓᜈ᜔,O/U,6,2,"don, dun"
ᜇᜓᜃ᜔ᜑ,D/R,6,2,"dukha, rukha"
ᜁᜃ᜔ᜐᜃ᜔ᜆᜓ,E/I,6,2,"eksakto, iksakto"
ᜁᜋ᜔ᜊᜒᜐ᜔,E/I,6,3,"embes, imbes, imbis"
ᜁᜋ᜔ᜊᜓᜇ᜔ᜈᜎ᜔,COMBINED,6,3,"embornal, emburnal, imburnal"
ᜁᜇᜓᜉ᜔ᜎᜈᜓ,O/U,6,2,"eroplano, eruplano"
ᜁᜐ᜔ᜉᜒᜐ᜔ᜌᜎ᜔,E/I,6,2,"espesyal, ispesyal"
ᜁᜐ᜔ᜌᜓ,O/U,6,2,"isyo, isyu"
ᜁᜌᜓᜈ᜔,O/U,6,2,"iyon, iyun"
ᜃᜇ,D/R,6,2,"kada, kara"
ᜃᜓᜋᜒᜆᜒ,O/U,6,2,"komite, kumite"
ᜃᜓᜇᜓᜈ,O/U,6,3,"korona, koruna, kurona"
ᜃᜓᜆ,O/U,6,2,"kota, kuta"
ᜎᜋᜓᜈ᜔,O/U,6,2,"lamon, lamun"
ᜎᜒᜁᜄ᜔,E/I,6,2,"leeg, liig"
ᜎᜓᜊᜓ,O/U,6,2,"lobo, lubo"
ᜎᜓᜇᜓ,O/U,6,2,"loro, luro"
ᜈᜆᜒᜈ᜔,E/I,6,2,"naten, natin"
ᜂ,O/U,6,2,"o, u"
ᜂᜊ᜔ᜇ,O/U,6,2,"obra, ubra"
ᜂᜉᜒᜐ᜔ᜌᜎ᜔,O/U,6,2,"opisyal, upisyal"
ᜂᜆᜓ,O/U,6,2,"oto, uto"
ᜉᜊᜓᜇ᜔,D/R,6,2,"pabod, pabor"
ᜉᜒᜐᜓ,E/I,6,2,"peso, piso"
ᜉᜓᜎᜒᜐ᜔ᜌ,O/U,6,2,"polisya, pulisya"
ᜉᜓᜐ᜔ᜉᜓᜇᜓ,O/U,6,2,"posporo, puspuro"
ᜐᜋ᜔ᜉᜓ,O/U,6,2,"sampo, sampu"
ᜐᜒᜎ᜔ᜌᜓ,E/I,6,2,"selyo, silyo"
ᜐᜒᜋᜒᜈ᜔ᜆᜓ,E/I,6,2,"semento, simento"
ᜐᜒᜋᜒᜎ᜔ᜌ,E/I,6,2,"semilya, similya"
ᜐᜒᜉᜒᜎ᜔ᜌᜓ,E/I,6,2,"sepilyo, sipilyo"
ᜐᜒᜋ᜔ᜊᜓᜎᜓ,O/U,6,2,"simbolo, simbulo"
ᜐᜓᜎᜓᜅ᜔,O/U,6,2,"solong, sulong"
ᜐᜓᜋ,O/U,6,2,"soma, suma"
ᜆᜄᜓᜇᜒ,COMBINED,6,2,"tagore, taguri"
ᜆᜄᜓᜐ᜔,O/U,6,2,"tagos, tagus"
ᜆᜆ᜔ᜎᜓᜋ᜔ᜉᜓ,O/U,6,2,"tatlumpo, tatlumpu"
ᜆᜒᜋ,E/I,6,2,"tema, tima"
ᜆᜒᜐᜒᜐ᜔,E/I,6,3,"tesis, tises, tisis"
ᜆᜓᜃ,O/U,6,2,"toka, tuka"
ᜆᜓᜎ,O/U,6,2,"tola, tula"
ᜆᜓᜌᜓ,O/U,6,2,"toyo, tuyo"
ᜀᜊᜓᜄᜐ᜔ᜌ,O/U,5,2,"abogasya, abugasya"
ᜀᜎᜒᜉᜓᜇᜒᜐ᜔,O/U,5,2,"alipores, alipures"
ᜀᜈᜓᜋᜎ᜔ᜌ,O/U,5,2,"anomalya, anumalya"
ᜊᜇᜓ,D/R,5,2,"bado, baro"
ᜊᜅᜓᜐ᜔,O/U,5,2,"bangos, bangus"
ᜊᜂᜎ᜔,O/U,5,2,"baol, baul"
ᜊᜆᜒᜇ᜔ᜌ,E/I,5,2,"baterya, batirya"
ᜊᜒᜎᜓ,E/I,5,2,"belo, bilo"
ᜊᜒᜈᜒᜉᜒᜐ᜔ᜌᜓ,E/I,5,2,"benepisyo, benipisyo"
ᜊᜒᜊᜒ,E/I,5,2,"bibe, bibi"
ᜊᜒᜇ,D/R,5,2,"bida, bira"
ᜊᜓᜎ᜔ᜐ,O/U,5,2,"bolsa, bulsa"
ᜊᜓᜋ᜔ᜊᜒᜇᜓ,O/U,5,2,"bombero, bumbero"
ᜊᜓᜋᜓᜆᜓ,O/U,5,2,"bomoto, bumoto"
ᜊᜓᜆᜓᜈᜒᜐ᜔,O/U,5,2,"botones, butones"
ᜊᜓᜏᜒᜐᜒᜆ᜔,E/I,5,2,"buwesit, buwisit"
ᜇᜇᜓ,D/R,5,2,"dado, rado"
ᜇᜑᜒᜎ᜔,D/R,5,2,"dahil, rahil"
ᜇᜂ,D/R,5,2,"dao, rao"
ᜇᜒᜊᜓᜎᜓᜐ᜔ᜌᜓᜈ᜔,D/R,5,2,"debolusyon, rebolusyon"
ᜇᜒᜈ,COMBINED,5,3,"dena, dina, rina"
ᜇᜒᜐ᜔ᜌᜒᜇ᜔ᜆᜓ,E/I,5,2,"desyerto, disyerto"
ᜇᜒᜉᜒᜇᜒᜈ᜔ᜐ᜔ᜌ,COMBINED,5,2,"diperensya, reperensya"
ᜇᜓᜎᜓ,O/U,5,2,"dolo, dulo"
ᜇᜓᜂᜅ᜔,COMBINED,5,3,"doong, duong, roong"
ᜇᜓᜐᜒᜈ,O/U,5,2,"dosena, dusena"
ᜇᜓᜅᜒᜐ᜔,D/R,5,2,"dungis, rungis"
ᜇᜓᜈᜓᜅ᜔,D/R,5,2,"dunong, runong"
ᜁᜈ᜔ᜆ᜔ᜇᜒᜄ,E/I,5,2,"entrega, intriga"
ᜁᜐ᜔ᜃᜓᜎᜇ᜔,COMBINED,5,3,"eskolar, iskolad, iskolar"
ᜁᜐ᜔ᜉᜇ,E/I,5,2,"espada, ispada"
ᜁᜐ᜔ᜉᜈ᜔ᜌᜓᜎ᜔,E/I,5,2,"espanyol, ispanyol"
ᜁᜐ᜔ᜆᜐ᜔ᜌᜓᜈ᜔,E/I,5,2,"estasyon, istasyon"
ᜁᜐ᜔ᜆᜓᜇ᜔ᜌ,E/I,5,2,"estorya, istorya"
ᜁᜐ᜔ᜆ᜔ᜇᜆᜒᜑᜒᜌ,E/I,5,2,"estratehiya, istratehiya"
ᜄᜒᜇᜒᜎ᜔ᜌ,E/I,5,2,"gerilya, girilya"
ᜑᜄᜓᜈᜓᜌ᜔,O/U,5,2,"hagonoy, hagunoy"
ᜑᜎᜒ,E/I,5,2,"hale, hali"
ᜃᜊᜒᜊᜒ,E/I,5,2,"kabibe, kabibi"
ᜃᜊᜓᜆᜒ,E/I,5,2,"kabute, kabuti"
ᜃᜈᜒᜎ,E/I,5,2,"kanela, kanila"
ᜃᜓᜋᜈ᜔ᜇᜒᜇ᜔,COMBINED,5,3,"komanded, komander, kumander"
ᜃᜓᜋ᜔ᜉᜒᜇᜒᜈ᜔ᜐᜒᜌ,O/U,5,2,"komperensiya, kumperensiya"
ᜃᜓᜋ᜔ᜉᜒᜇᜒᜈ᜔ᜐ᜔ᜌ,O/U,5,2,"komperensya, kumperensya"
ᜃᜓᜋ᜔ᜉ᜔ᜎᜒᜃᜇᜓ,O/U,5,2,"komplikado, kumplikado"
ᜃᜓᜋᜓᜈᜒᜇᜇ᜔,O/U,5,2,"komunidad, kumunidad"
ᜃᜓᜈ᜔ᜇᜒᜐ᜔ᜌᜓᜈ᜔,O/U,5,2,"kondisyon, kundisyon"
ᜃᜓᜉᜓᜈ᜔,O/U,5,2,"kopon, kupon"
ᜎᜎᜓᜈ,O/U,5,2,"lalona, laluna"
ᜎᜒᜊᜇᜓᜇ,E/I,5,2,"lebadura, libadura"
ᜎᜒᜄᜎ᜔,E/I,5,2,"legal, ligal"
ᜎᜒᜃ᜔ᜐ᜔ᜌᜓᜈ᜔,E/I,5,2,"leksyon, liksyon"
ᜎᜓᜂᜃ᜔,O/U,5,2,"look, luok"
ᜎᜓᜄᜇ᜔,D/R,5,2,"lugad, lugar"
ᜋᜇᜋᜒ,D/R,5,2,"madami, marami"
ᜋᜌᜓᜇ᜔,D/R,5,2,"mayod, mayor"
ᜋᜒᜇ᜔ᜌ,E/I,5,2,"medya, midya"
ᜋᜒᜇ᜔ᜌᜒᜈ᜔ᜇ,E/I,5,2,"meryenda, miryenda"
ᜋᜒᜎᜒᜆᜇ᜔,D/R,5,2,"militad, militar"
ᜋᜓᜂᜄ᜔,O/U,5,2,"moog, muog"
ᜈᜓᜂᜈ᜔,O/U,5,2,"noon, nuon"
ᜂᜊ᜔ᜎᜒᜄᜇᜓ,O/U,5,2,"obligado, ubligado"
ᜂᜊᜓ,O/U,5,2,"obo, ubo"
ᜂᜊ᜔ᜇᜒᜇᜓ,O/U,5,2,"obrero, ubrero"
ᜂᜃᜐ᜔ᜌᜓᜈ᜔,O/U,5,2,"okasyon, ukasyon"
ᜂᜐ,O/U,5,2,"osa, usa"
ᜉᜇᜀᜈ᜔,D/R,5,2,"padaan, paraan"
ᜉᜒᜈ᜔ᜆᜓᜇ᜔,D/R,5,2,"pintod, pintor"
ᜉᜓᜎ᜔ᜊᜓᜐ᜔,O/U,5,2,"polbos, pulbos"
ᜉᜓᜎᜒᜐᜒᜌ,O/U,5,2,"polisiya, pulisiya"
ᜉᜓᜇ᜔ᜐᜒᜌᜒᜈ᜔ᜆᜓ,O/U,5,2,"porsiyento, pursiyento"
ᜉᜓᜐᜒᜊ᜔ᜎᜒ,O/U,5,2,"posible, pusible"
ᜉᜓᜆᜑᜒ,O/U,5,2,"potahe, putahe"
ᜉᜓᜆᜓ,O/U,5,2,"poto, puto"
ᜇᜒᜆ᜔ᜇᜆᜓ,E/I,5,2,"retrato, ritrato"
ᜐᜇᜓ,D/R,5,2,"sado, saro"
ᜐᜒᜄᜓᜈ᜔ᜇᜓ,E/I,5,2,"segundo, sigundo"
ᜐᜒᜃᜓᜈ᜔ᜇᜇ᜔ᜌ,O/U,5,2,"sekondarya, sekundarya"
ᜐᜒᜎᜅ᜔,E/I,5,2,"selang, silang"
ᜐᜒᜈ,E/I,5,2,"sena, sina"
ᜐᜒᜈ᜔ᜆᜒᜇᜓ,E/I,5,2,"sentido, sintido"
ᜐᜒᜄᜒ,E/I,5,2,"sige, sigi"
ᜐᜒᜎᜒ,E/I,5,2,"sile, sili"
ᜐᜒᜈᜒ,E/I,5,2,"sine, sini"
ᜐᜓᜇ,D/R,5,2,"soda, sora"
ᜐᜓᜋᜈ᜔,O/U,5,2,"soman, suman"
ᜀᜊᜓᜃᜇᜓ,O/U,4,2,"abokado, abukado"
ᜀᜃ᜔ᜆᜓᜇ᜔,D/R,4,2,"aktod, aktor"
ᜀᜈ᜔ᜇᜇ᜔,D/R,4,2,"andad, andar"
ᜀᜈᜓᜋᜈ᜔,O/U,4,2,"anoman, anuman"
ᜀᜇᜒᜈ,E/I,4,2,"arena, arina"
ᜀᜐᜒᜇᜓ,COMBINED,4,2,"asero, asido"
ᜀᜐᜓᜎ᜔,O/U,4,2,"asol, asul"
ᜊᜁ,E/I,4,2,"bae, bai"
ᜊᜄ᜔ᜃᜓᜐ᜔,O/U,4,2,"bagkos, bagkus"
ᜊᜎᜒᜆᜒ,E/I,4,2,"balite, baliti"
ᜊᜎᜓᜈ᜔,O/U,4,2,"balon, balun"
ᜊᜈ᜔ᜆᜒᜅ᜔,E/I,4,2,"banteng, banting"
ᜊᜇᜒᜎᜒᜐ᜔,E/I,4,2,"bariles, barilis"
ᜊᜒᜆᜓ,E/I,4,2,"beto, bito"
ᜊᜒᜐᜒ,E/I,4,2,"bise, bisi"
ᜊᜒᜐ᜔ᜉᜒᜇᜐ᜔,E/I,4,2,"bisperas, bispiras"
ᜊᜓᜃᜇᜓ,O/U,4,2,"bokado, bukado"
ᜊᜓᜋ᜔ᜊᜒᜎ᜔ᜌ,O/U,4,2,"bombilya, bumbilya"
ᜊᜓᜈᜓᜐ᜔,O/U,4,2,"bonos, bonus"
ᜊᜓᜇᜇᜓᜇ᜔,O/U,4,2,"borador, burador"
ᜊᜓᜆ,O/U,4,2,"bota, buta"
ᜊᜓᜎᜆᜒ,E/I,4,2,"bulate, bulati"
ᜇᜁᜅ᜔,D/R,4,2,"daing, raing"
ᜇᜋ᜔ᜉ,D/R,4,2,"dampa, rampa"
ᜇᜒᜊᜓ,COMBINED,4,3,"debu, dibu, ribo"
ᜇᜒᜄ᜔ᜎ,D/R,4,2,"degla, regla"
ᜇᜒᜄ᜔ᜇᜒ,E/I,4,2,"degri, digri"
ᜇᜒᜐᜒᜇᜒᜇᜓ,E/I,4,3,"desedido, desidido, disidido"
ᜇᜒᜐ᜔ᜃᜇ᜔ᜄ,E/I,4,2,"deskarga, diskarga"
ᜇᜒᜇᜒᜈᜒᜄ᜔,D/R,4,2,"didinig, dirinig"
ᜇᜒᜃ᜔ᜐ᜔ᜌᜓᜈᜇ᜔ᜌᜓ,O/U,4,2,"diksyonaryo, diksyunaryo"
ᜇᜒᜎᜄ᜔,D/R,4,2,"dilag, rilag"
ᜇᜒᜎᜒᜐ᜔,COMBINED,4,2,"dilis, riles"
ᜇᜒᜉ,D/R,4,2,"dipa, ripa"
ᜇᜓ,COMBINED,4,4,"do, du, ro, ru"
ᜇᜓᜎ᜔ᜌᜇ᜔,D/R,4,2,"dolyad, dolyar"
ᜇᜓᜂᜎ᜔,COMBINED,4,4,"dool, duol, rool, ruol"
ᜇᜓᜆ,D/R,4,2,"duta, ruta"
ᜁᜎᜒᜃ᜔ᜐ᜔ᜌᜓᜈ᜔,E/I,4,2,"eleksyon, iliksyon"
ᜁᜐ᜔ᜉᜒᜇᜒᜆ᜔ᜏᜎ᜔,E/I,4,2,"espiritwal, ispiritwal"
ᜁᜐ᜔ᜆᜃ,E/I,4,2,"estaka, istaka"
ᜁᜆᜒᜃ,E/I,4,2,"etika, itika"
ᜄᜓᜌ,O/U,4,2,"goya, guya"
ᜑᜌᜓᜈ᜔,O/U,4,2,"hayon, hayun"
ᜑᜒᜑᜒ,E/I,4,2,"hehe, hihi"
ᜑᜒᜎᜓ,E/I,4,2,"helo, hilo"
ᜑᜒᜐᜓᜐ᜔,O/U,4,2,"hesos, hesus"
ᜑᜒᜆᜓ,E/I,4,2,"heto, hito"
ᜁᜎᜒᜄᜎ᜔,E/I,4,2,"ilegal, iligal"
ᜁᜈ᜔ᜆᜒᜇ᜔ᜌᜓᜇ᜔,E/I,4,2,"interyor, intiryor"
ᜃᜊᜒᜐᜒᜇ,E/I,4,2,"kabesera, kabisera"
ᜃᜑᜒᜎ᜔,E/I,4,2,"kahel, kahil"
ᜃᜋᜇ,D/R,4,2,"kamada, kamara"
ᜃᜉᜇᜒᜐ᜔,E/I,4,2,"kapares, kaparis"
ᜃᜇ᜔ᜆᜓᜈ᜔,O/U,4,2,"karton, kartun"
ᜃᜐᜓᜂᜆᜈ᜔,O/U,4,2,"kasuotan, kasuutan"
ᜃᜒᜆᜒ,E/I,4,3,"kete, kite, kiti"
ᜃᜓᜋ᜔ᜊᜒᜈ᜔ᜆᜓ,O/U,4,2,"kombento, kumbento"
ᜃᜓᜋ᜔ᜊᜒᜈᜐ᜔ᜌᜓᜈ᜔,O/U,4,2,"kombinasyon, kumbinasyon"
ᜃᜓᜋᜒᜇ᜔ᜌ,O/U,4,2,"komedya, kumedya"
ᜃᜓᜋᜒᜆ,COMBINED,4,2,"kometa, kumita"
ᜃᜓᜋᜒᜐ᜔ᜌᜓᜈ᜔,O/U,4,2,"komisyon, kumisyon"
ᜃᜓᜋ᜔ᜉᜐ᜔,O/U,4,2,"kompas, kumpas"
ᜃᜓᜋ᜔ᜉ᜔ᜎᜒᜃᜐ᜔ᜌᜓᜈ᜔,O/U,4,2,"komplikasyon, kumplikasyon"
ᜃᜓᜋ᜔ᜉᜓᜇ᜔ᜆᜊ᜔ᜎᜒ,O/U,4,2,"komportable, kumportable"
ᜃᜓᜈ᜔ᜇᜒ,COMBINED,4,2,"konde, kundi"
ᜃᜓᜈᜓ,O/U,4,2,"kono, kuno"
ᜃᜓᜉ,O/U,4,2,"kopa, kupa"
ᜃᜓᜉᜓᜈᜈ᜔,O/U,4,2,"koponan, kupunan"
ᜃᜓᜇᜎᜒᜐ᜔,O/U,4,2,"korales, kurales"
ᜃᜓᜐ᜔ᜆᜓᜋ᜔ᜊ᜔ᜇᜒ,O/U,4,2,"kostombre, kostumbre"
ᜃᜓᜊᜒᜆ,E/I,4,2,"kubeta, kubita"
ᜎᜈ᜔ᜐᜒ,E/I,4,2,"lanse, lansi"
ᜎᜒᜃᜆ᜔,E/I,4,2,"lekat, likat"
ᜎᜒᜆ᜔ᜇᜆᜓ,E/I,4,2,"letrato, litrato"
ᜎᜒᜊ᜔ᜇᜒᜆᜓ,E/I,4,2,"libreto, librito"
ᜎᜓᜃᜓᜑᜒᜈ᜔,O/U,4,3,"lokohin, lokuhin, lukuhin"
ᜎᜓᜆᜒ,E/I,4,2,"lote, loti"
ᜋᜇᜒᜃᜒᜆ᜔,D/R,4,2,"madikit, marikit"
ᜋᜇᜒᜈᜒᜄ᜔,D/R,4,2,"madinig, marinig"
ᜋᜇᜓᜋᜒ,D/R,4,2,"madumi, marumi"
ᜋᜎᜆᜒ,E/I,4,2,"malate, malati"
ᜋᜆ᜔ᜇᜒᜐ᜔,E/I,4,2,"matres, matris"
ᜋᜒᜇ᜔ᜌᜓᜋ᜔,COMBINED,4,3,"medyum, midyom, midyum"
ᜋᜒᜎᜓᜈ᜔,E/I,4,2,"melon, milon"
ᜋᜒᜈᜓᜇ᜔,D/R,4,2,"menod, menor"
ᜋᜒᜇ,E/I,4,2,"mera, mira"
ᜋᜒᜇᜓᜈ᜔,E/I,4,2,"meron, miron"
ᜋᜓᜇᜓ,D/R,4,2,"modo, moro"
ᜋᜓᜑᜓᜈ᜔,O/U,4,2,"mohon, muhon"
ᜈᜒᜌᜓᜈ᜔,E/I,4,2,"neyon, niyon"
ᜂᜆᜒᜎ᜔,COMBINED,4,2,"otel, util"
ᜉᜇᜒᜇ᜔,D/R,4,2,"paded, pader"
ᜉᜒᜃᜒ,E/I,4,2,"peke, piki"
ᜉᜒᜎᜒᜄ᜔ᜇᜓ,E/I,4,2,"peligro, piligro"
ᜉᜒᜈᜎ᜔,E/I,4,2,"penal, pinal"
ᜉᜒᜈᜓᜌ᜔,E/I,4,2,"penoy, pinoy"
ᜉᜒᜆᜒᜐ᜔ᜌᜓᜈ᜔,E/I,4,2,"petisyon, pitisyon"
ᜉᜒᜆ᜔ᜇᜓᜎ᜔ᜌᜓ,E/I,4,2,"petrolyo, pitrolyo"
ᜉᜒᜎ᜔ᜇᜓᜇᜐ᜔,O/U,4,2,"pildoras, pilduras"
ᜉᜒᜌᜒᜇ᜔,D/R,4,2,"piyed, piyer"
ᜉᜓᜎ᜔ᜊᜓ,O/U,4,2,"polbo, pulbo"
ᜉᜓᜎᜒᜆᜒᜃᜎ᜔,O/U,4,2,"politikal, pulitikal"
ᜉᜓᜂᜈ᜔,O/U,4,2,"poon, puon"
ᜉᜓᜉᜓᜎᜇ᜔,COMBINED,4,3,"populad, popular, pupular"
ᜉᜓᜐ᜔ᜆᜒᜐᜓ,O/U,4,2,"postiso, pustiso"
ᜉᜓᜎᜓᜊᜒ,E/I,4,2,"pulube, pulubi"
ᜉᜓᜈᜓᜅ᜔ᜃᜑᜓᜌ᜔,O/U,4,2,"punongkahoy, punungkahoy"
ᜇᜐ᜔ᜌᜓᜈᜎ᜔,O/U,4,2,"rasyonal, rasyunal"
ᜇᜒᜉᜓᜎ᜔ᜌᜓ,E/I,4,2,"repolyo, ripolyo"
ᜇᜓᜐᜓ,O/U,4,2,"roso, ruso"
ᜐᜒᜈᜃᜓᜎᜓ,E/I,4,2,"senakulo, sinakulo"
ᜐᜒᜈ᜔ᜌᜐ᜔,E/I,4,2,"senyas, sinyas"
ᜐᜒᜈ᜔ᜌᜓᜇ᜔,COMBINED,4,3,"senyor, sinyod, sinyor"
ᜐᜒᜇ᜔ᜌᜓ,E/I,4,2,"seryo, siryo"
ᜐᜒᜌᜋ᜔ᜈᜉᜓ,O/U,4,2,"siyamnapo, siyamnapu"
ᜐᜓᜎᜓᜐ᜔ᜌᜓᜈ᜔,O/U,4,2,"solusyon, sulusyon"
ᜐᜓᜇᜓ,O/U,4,2,"soro, suro"
ᜐᜓᜐ᜔ᜉᜒᜆ᜔ᜐ,O/U,4,2,"sospetsa, suspetsa"
ᜆᜁᜊ᜔,E/I,4,2,"taeb, taib"
ᜆᜒᜈᜒᜇᜓᜇ᜔,E/I,4,2,"tenedor, tinidor"
ᜆᜒᜅ,E/I,4,2,"tenga, tinga"
ᜆᜒᜊᜓᜊᜓᜐ᜔,O/U,4,2,"tibobos, tibubos"
ᜆᜒᜂ,O/U,4,2,"tio, tiu"
ᜆᜓᜆᜎ᜔,O/U,4,2,"total, tutal"
ᜆ᜔ᜇᜓᜋ᜔ᜉᜒᜆ,O/U,4,2,"trompeta, trumpeta"
ᜆ᜔ᜐᜓᜉᜒᜇ᜔,O/U,4,2,"tsoper, tsuper"
ᜀᜃ᜔ᜆᜒᜆᜓᜇ᜔,O/U,3,2,"aktitod, aktitud"
ᜀᜃ᜔ᜆ᜔ᜇᜒᜐ᜔,E/I,3,2,"aktres, aktris"
ᜀᜋᜓᜇ᜔,O/U,3,2,"amor, amur"
ᜀᜈ᜔ᜇᜓᜈ᜔,O/U,3,2,"andon, andun"
ᜀᜈ᜔ᜆᜒᜋᜈᜓ,E/I,3,2,"antemano, antimano"
ᜀᜇ᜔ᜄᜓᜈ᜔,O/U,3,2,"argon, argun"
ᜀᜐᜇ᜔,D/R,3,2,"asad, asar"
ᜀᜐ᜔ᜉᜒᜎᜒ,E/I,3,2,"aspile, aspili"
ᜀᜏ᜔ᜆᜓᜇ᜔,D/R,3,2,"awtod, awtor"
ᜊᜃᜓᜂᜇ᜔,COMBINED,3,3,"bakood, bakoor, bakuor"
ᜊᜎᜒᜏᜎ,E/I,3,2,"balewala, baliwala"
ᜊᜉᜓᜇ᜔,D/R,3,2,"bapod, bapor"
ᜊᜒᜇᜓᜐ᜔,O/U,3,2,"biros, birus"
ᜊᜒᜐ᜔ᜆᜒᜃ᜔,E/I,3,2,"bistek, bistik"
ᜊᜒᜌᜓᜎᜒᜆ,O/U,3,2,"biyoleta, biyuleta"
ᜊᜒᜌᜓᜎᜒᜈ᜔,O/U,3,2,"biyolin, biyulin"
ᜊᜓᜊᜒᜇ,COMBINED,3,3,"bobeda, bobida, bubida"
ᜊᜓᜎᜇᜓᜇ᜔,O/U,3,2,"bolador, bulador"
ᜊᜓᜎᜈ᜔ᜆᜒ,O/U,3,2,"bolante, bulante"
ᜊᜓᜈᜓ,O/U,3,2,"bono, buno"
ᜊᜓᜆᜓᜑᜈ᜔,O/U,3,2,"botohan, butuhan"
ᜊᜓᜌ,O/U,3,2,"boya, buya"
ᜊᜓᜎᜒ,E/I,3,2,"bule, buli"
ᜇ,D/R,3,2,"da, ra"
ᜇᜇᜄ᜔,D/R,3,2,"dadag, darag"
ᜇᜇᜆᜒᜅ᜔,D/R,3,2,"dadating, darating"
ᜇᜋᜒᜑ,D/R,3,2,"damiha, ramiha"
ᜇᜒᜇᜒ,COMBINED,3,2,"dede, diri"
ᜇᜒᜎᜒᜇ᜔ᜌᜓ,E/I,3,2,"deliryo, diliryo"
ᜇᜒᜉᜓᜆᜇᜓ,E/I,3,2,"deputado, diputado"
ᜇᜒᜐ᜔ᜃᜓᜏᜒᜈ᜔ᜆᜓ,E/I,3,2,"deskuwento, diskuwento"
ᜇᜒᜐ᜔ᜉᜒᜇᜐ᜔ᜌᜓᜈ᜔,COMBINED,3,2,"desperasyon, respirasyon"
ᜇᜒᜀᜃᜓᜈᜓ,O/U,3,2,"diakono, diakuno"
ᜇᜒᜄ,D/R,3,2,"diga, riga"
ᜇᜒᜃ᜔ᜆᜇᜓᜇ᜔,D/R,3,2,"diktadod, diktador"
ᜇᜒᜈᜒ,D/R,3,2,"dini, rini"
ᜇᜒᜇᜒᜃ᜔ᜆᜓᜇ᜔,D/R,3,2,"direktod, direktor"
ᜇᜒᜐ᜔ᜃᜓ,COMBINED,3,3,"disko, resko, risko"
ᜇᜓᜇᜇᜓ,O/U,3,2,"dorado, durado"
ᜇᜓᜉᜒᜃᜎ᜔,COMBINED,3,3,"dupikal, ropikal, rupikal"
ᜁᜈ᜔ᜐᜎᜇ,E/I,3,2,"ensalada, insalada"
ᜁᜇᜒ,E/I,3,3,"ere, ire, iri"
ᜁᜐ᜔ᜃᜎ,E/I,3,2,"eskala, iskala"
ᜁᜐ᜔ᜃ᜔ᜇᜒᜋ,E/I,3,2,"eskrima, iskrima"
ᜁᜐ᜔ᜃᜓᜎ᜔ᜆᜓᜇ᜔,E/I,3,2,"eskultor, iskultor"
ᜁᜐ᜔ᜆᜈ᜔ᜆᜒ,E/I,3,2,"estante, istante"
ᜁᜐ᜔ᜆᜓᜇ᜔ᜊᜓ,E/I,3,2,"estorbo, istorbo"
ᜁᜐ᜔ᜆ᜔ᜇᜒᜃ᜔ᜆᜓ,E/I,3,2,"estrikto, istrikto"
ᜁᜐ᜔ᜆᜓᜉᜒᜇᜓ,E/I,3,2,"estupido, istupido"
ᜄᜇᜈ᜔ᜆᜓᜇ᜔,D/R,3,2,"garantod, garantor"
ᜄᜓᜎ᜔ᜉᜒ,COMBINED,3,2,"golpe, gulpi"
ᜄᜓᜎ᜔ᜉᜓ,O/U,3,2,"golpo, gulpo"
ᜄᜓᜅ᜔ᜄᜓᜅ᜔,O/U,3,2,"gonggong, gunggong"
ᜑᜐᜒᜃ᜔,E/I,3,2,"hasek, hasik"
ᜁᜇᜂᜐ᜔,D/R,3,2,"idaos, iraos"
ᜁᜋ᜔ᜊᜒᜈ᜔ᜆᜓᜇ᜔,D/R,3,2,"imbentod, imbentor"
ᜁᜈᜒᜅ᜔,E/I,3,2,"ineng, ining"
ᜃᜇᜋᜌ᜔,D/R,3,2,"kadamay, karamay"
ᜃᜇᜒᜆ᜔,COMBINED,3,2,"kadet, karit"
ᜃᜎᜇᜓ,D/R,3,2,"kalado, kalaro"
ᜃᜎ᜔ᜐᜒᜆᜒᜈ᜔,E/I,3,2,"kalsetin, kalsitin"
ᜃᜋ᜔ᜉᜓᜐ᜔,O/U,3,2,"kampos, kampus"
ᜃᜈ᜔ᜇᜇᜓ,D/R,3,2,"kandado, kandaro"
ᜃᜈ᜔ᜐᜒᜇ᜔,D/R,3,2,"kansed, kanser"
ᜃᜉᜇ᜔ᜆᜒ,E/I,3,2,"kaparte, kaparti"
ᜃᜐᜒᜇᜓᜎ,E/I,3,2,"kaserola, kasirola"
ᜃᜆᜓᜆᜓᜑᜈᜈ᜔,O/U,3,2,"katotohanan, katutuhanan"
ᜃᜒᜎᜆᜒᜐ᜔,E/I,3,2,"kilates, kilatis"
ᜃᜓᜃᜃ᜔,O/U,3,2,"kokak, kukak"
ᜃᜓᜎᜓᜋ᜔,O/U,3,2,"kolom, kolum"
ᜃᜓᜎ᜔ᜌᜇ᜔,O/U,3,2,"kolyar, kulyar"
ᜃᜓᜋ᜔ᜉᜓᜇ᜔ᜋᜒ,O/U,3,2,"komporme, kumporme"
ᜃᜓᜋ᜔ᜉ᜔ᜌᜓᜆᜒᜇ᜔,D/R,3,2,"kompyuted, kompyuter"
ᜃᜓᜇᜓᜋ᜔,O/U,3,2,"korom, korum"
ᜃᜓᜇ᜔ᜆᜒᜈ,O/U,3,2,"kortina, kurtina"
ᜃᜓᜐᜒᜈᜒᜇᜓ,O/U,3,2,"kosinero, kusinero"
ᜃᜓᜇᜒᜆ,COMBINED,3,2,"kudeta, kurita"
ᜎᜃᜒᜆ᜔,E/I,3,2,"laket, lakit"
ᜎᜒᜃ᜔ᜐᜒᜌᜓᜈ᜔,E/I,3,2,"leksiyon, liksiyon"
ᜎᜒᜋᜓᜈ᜔,E/I,3,2,"lemon, limon"
ᜎᜒᜈᜅ᜔,E/I,3,2,"lenang, linang"
ᜎᜒᜐ,E/I,3,2,"lesa, lisa"
ᜎᜒᜆ᜔ᜐᜓᜄᜐ᜔,E/I,3,2,"letsugas, litsugas"
ᜎᜒᜇᜒᜇ᜔,D/R,3,2,"lided, lider"
ᜎᜒᜋᜋ᜔ᜉᜓ,O/U,3,2,"limampo, limampu"
ᜎᜒᜋᜓᜈᜇ,O/U,3,2,"limonada, limunada"
ᜎᜒᜆ᜔ᜐᜒᜌᜐ᜔,E/I,3,2,"litseyas, litsiyas"
ᜎᜓᜄᜓ,O/U,3,2,"logo, lugo"
ᜎᜓᜋᜓ,O/U,3,2,"lomo, lumo"
ᜎᜓᜐ᜔ᜌᜓᜈ᜔,O/U,3,2,"losyon, lusyon"
ᜎᜓᜋᜋᜓᜈ᜔,O/U,3,2,"lumamon, lumamun"
ᜋᜇᜋ᜔,D/R,3,2,"madam, maram"
ᜋᜇᜉ,D/R,3,2,"madapa, marapa"
ᜋᜇᜌ,D/R,3,2,"madaya, maraya"
ᜋᜇᜒᜁᜈ᜔,D/R,3,2,"madiin, mariin"
ᜋᜇᜓᜄᜓ,D/R,3,2,"madugo, marugo"
ᜋᜇᜓᜅᜒᜐ᜔,D/R,3,2,"madungis, marungis"
ᜋᜄ᜔ᜐᜒᜎ᜔ᜊᜒ,E/I,3,2,"magsilbe, magsilbi"
ᜋᜈᜒᜂᜊ᜔ᜇ,E/I,3,2,"maneobra, maniobra"
ᜋᜈᜓᜂᜇ᜔,O/U,3,2,"manood, manuod"
ᜋᜇ᜔ᜆᜒᜇ᜔,D/R,3,2,"martid, martir"
ᜋᜐᜒᜄᜓᜇᜓ,E/I,3,2,"maseguro, masiguro"
ᜋᜐᜒᜎᜈ᜔,E/I,3,2,"maselan, masilan"
ᜋᜐ᜔ᜃᜇ,D/R,3,2,"maskada, maskara"
ᜋᜆᜒᜃᜐ᜔,E/I,3,2,"matekas, matikas"
ᜋᜒᜐ᜔ᜆᜒᜐᜓ,E/I,3,2,"mestiso, mistiso"
ᜋᜒᜌᜓᜇ᜔,D/R,3,2,"meyod, meyor"
ᜋᜓᜈᜒᜆᜓᜇ᜔,D/R,3,2,"monitod, monitor"
ᜈᜃᜇᜀᜈ᜔,D/R,3,2,"nakadaan, nakaraan"
ᜈᜃᜓ,O/U,3,2,"nako, naku"
ᜈᜈ᜔ᜇᜓᜈ᜔,O/U,3,2,"nandon, nandun"
ᜈᜐ᜔ᜌᜓᜈᜎ᜔,O/U,3,2,"nasyonal, nasyunal"
ᜈᜒᜇᜓ,COMBINED,3,2,"nero, nido"
ᜈᜒᜌᜓᜄᜈ᜔,O/U,3,2,"niyogan, niyugan"
ᜈᜓᜇ᜔ᜐᜒ,E/I,3,2,"nurse, nursi"
ᜂᜃᜓᜉᜈ᜔ᜆᜒ,O/U,3,2,"okupante, ukupante"
ᜂᜎ,O/U,3,2,"ola, ula"
ᜂᜉᜓᜇ᜔ᜆᜓᜈᜒᜇᜇ᜔,O/U,3,2,"oportunidad, opurtunidad"
ᜂᜇᜃᜓᜎᜓ,O/U,3,2,"orakulo, urakulo"
ᜂᜇᜐᜈ᜔,O/U,3,2,"orasan, urasan"
ᜂᜇᜒᜇ᜔ᜌᜒᜈ᜔,E/I,3,2,"oridyen, oridyin"
ᜂᜌ᜔,O/U,3,2,"oy, uy"
ᜂᜌᜌᜒ,O/U,3,2,"oyayi, uyayi"
ᜉᜊᜓᜇᜒᜀᜎ᜔,O/U,3,2,"paboreal, pabureal"
ᜉᜇᜋ᜔ᜇᜋ᜔,D/R,3,2,"padamdam, paramdam"
ᜉᜇᜌ,D/R,3,2,"padaya, paraya"
ᜉᜇᜓᜄᜓ,D/R,3,2,"padugo, parugo"
ᜉᜎᜓᜂᜊ᜔,O/U,3,2,"paloob, paluob"
ᜉᜇᜒᜆᜓ,E/I,3,2,"pareto, parito"
ᜉᜆᜓᜎ,O/U,3,2,"patola, patula"
ᜉᜆᜓᜆᜓᜆ᜔,O/U,3,2,"patotot, patutot"
ᜉᜒᜇᜎ᜔,COMBINED,3,2,"pedal, piral"
ᜉᜒᜃ᜔ᜎᜆ᜔,E/I,3,2,"peklat, piklat"
ᜉᜒᜉᜒᜈᜓ,E/I,3,2,"pepino, pipino"
ᜉᜒᜐᜒᜆ,E/I,3,2,"peseta, piseta"
ᜉᜒᜃᜒᜆ᜔,E/I,3,2,"piket, pikit"
ᜉᜓᜇᜒᜇ᜔,D/R,3,2,"poded, poder"
ᜉᜓᜃᜓᜐ᜔,O/U,3,2,"pokos, pokus"
ᜉᜓᜃ᜔ᜉᜓᜃ᜔,O/U,3,2,"pokpok, pukpok"
ᜉᜓᜋᜇ,COMBINED,3,3,"pomada, pumada, pumara"
ᜉᜓᜋ᜔ᜉ᜔ᜌᜅ᜔,O/U,3,2,"pompyang, pumpyang"
ᜉᜓᜈ᜔ᜇᜓᜑᜈ᜔,O/U,3,2,"pondohan, punduhan"
ᜉᜓᜇᜓᜋ᜔,O/U,3,2,"porom, porum"
ᜉᜓᜐ᜔ᜆᜓᜇ,O/U,3,2,"postura, pustura"
ᜉ᜔ᜇᜓᜉᜒᜐ᜔ᜌᜓᜈᜎ᜔,O/U,3,2,"propesyonal, propesyunal"
ᜇᜒᜀᜎ᜔,E/I,3,2,"real, rial"
ᜇᜒᜊ᜔ᜌᜓ,E/I,3,2,"rebyu, ribyu"
ᜇᜒᜃᜇᜓ,E/I,3,2,"rekado, rikado"
ᜇᜒᜆᜒᜈᜒ,E/I,3,3,"retene, retine, retini"
ᜇᜓᜋᜒᜉᜒᜃᜒ,E/I,3,3,"rumepike, rumipeke, rumipike"
ᜐᜊᜓᜆᜑᜒ,O/U,3,2,"sabotahe, sabutahe"
ᜐᜉᜓᜎ᜔,O/U,3,2,"sapol, sapul"
ᜐᜒᜃ᜔ᜆᜓᜇ᜔,D/R,3,2,"sektod, sektor"
ᜐᜒᜃᜓᜎᜇ᜔,D/R,3,2,"sekulad, sekular"
ᜐᜒᜎᜈ᜔,E/I,3,2,"selan, silan"
ᜐᜒᜐᜈ᜔ᜆᜒ,E/I,3,2,"sesante, sisante"
ᜐᜒᜆᜒᜈ᜔ᜆ,E/I,3,2,"setenta, sitenta"
ᜐᜒᜎᜊᜓᜐ᜔,O/U,3,2,"silabos, silabus"
ᜐᜒᜈᜓᜋᜈ᜔,O/U,3,2,"sinoman, sinuman"
ᜐᜓᜎᜒᜇ᜔,O/U,3,2,"solid, sulid"
ᜐᜓᜈ᜔ᜇ,O/U,3,2,"sonda, sunda"
ᜐᜓᜇᜒᜀᜈ᜔,D/R,3,2,"sudian, surian"
ᜆᜎ᜔ᜌᜒᜇ᜔,D/R,3,2,"talyed, talyer"
ᜆᜒᜃᜐ᜔,E/I,3,2,"tekas, tikas"
ᜆᜓᜄ,O/U,3,2,"toga, tuga"
ᜆᜓᜃᜇᜓᜇ᜔,O/U,3,2,"tokador, tukador"
ᜆᜓᜈ᜔ᜆᜓ,O/U,3,2,"tonto, tunto"
ᜆ᜔ᜇᜒᜊᜓ,O/U,3,2,"tribo, tribu"
ᜆ᜔ᜇᜓᜋ᜔ᜊᜓᜈ᜔,O/U,3,2,"trombon, trumbon"
ᜂᜊᜒ,E/I,3,2,"ube, ubi"
ᜂᜋᜋᜒᜈ᜔,E/I,3,2,"umamen, umamin"
ᜀᜊᜓᜈᜇᜓ,O/U,2,2,"abonado, abunado"
ᜀᜇ᜔ᜌ,D/R,2,2,"adya, arya"
ᜀᜃᜓᜐ᜔ᜆᜒᜃ᜔ᜐ᜔,O/U,2,2,"akostiks, akustiks"
ᜀᜎᜒᜄᜒ,E/I,2,2,"alige, aligi"
ᜀᜎ᜔ᜋᜓᜑᜇ,O/U,2,2,"almohada, almuhada"
ᜀᜋ᜔ᜊᜓᜐ᜔,O/U,2,2,"ambos, ambus"
ᜀᜋᜓᜃ᜔,O/U,2,2,"amok, amuk"
ᜀᜇ᜔ᜈᜒᜐ᜔,E/I,2,2,"arnes, arnis"
ᜀᜇᜓᜌ᜔,O/U,2,2,"aroy, aruy"
ᜀᜆᜂᜎ᜔,O/U,2,2,"ataol, ataul"
ᜀᜆᜒᜈ᜔ᜇᜒ,E/I,2,2,"atinde, atindi"
ᜊᜇ᜔ᜌᜑᜒᜈ᜔,D/R,2,2,"badyahin, baryahin"
ᜊᜄᜓᜈᜒᜆ,O/U,2,2,"bagoneta, baguneta"
ᜊᜑᜒᜆᜒ,E/I,2,2,"bahete, bahiti"
ᜊᜎᜁ,E/I,2,2,"balae, balai"
ᜊᜎᜌᜒ,E/I,2,2,"balaye, balayi"
ᜊᜎᜒᜅ᜔,E/I,2,2,"baleng, baling"
ᜊᜎᜒᜈ᜔ᜆᜓᜅ᜔,E/I,2,2,"balentong, balintong"
ᜊᜋ᜔ᜊᜓ,O/U,2,2,"bambo, bambu"
ᜊᜇ᜔ᜊᜒᜃ᜔ᜌᜓ,E/I,2,2,"barbekyu, barbikyu"
ᜊᜇᜓᜆᜓ,O/U,2,2,"baroto, baruto"
ᜊᜒᜊᜒᜇᜓ,E/I,2,2,"bebero, bibero"
ᜊᜒᜑ,E/I,2,2,"beha, biha"
ᜊᜒᜑᜓᜃᜓ,E/I,2,2,"behuko, bihuko"
ᜊᜒᜃᜒ,E/I,2,2,"beke, biki"
ᜊᜒᜎᜇ,E/I,2,2,"belada, bilada"
ᜊᜒᜎᜆ᜔,E/I,2,2,"belat, bilat"
ᜊᜒᜎᜓᜑᜈ᜔,O/U,2,2,"belohan, beluhan"
ᜊᜒᜎ᜔ᜌᜃ,E/I,2,2,"belyaka, bilyaka"
ᜊᜒᜎ᜔ᜌᜃᜓ,E/I,2,2,"belyako, bilyako"
ᜊᜒᜈ,E/I,2,2,"bena, bina"
ᜊᜒᜈ᜔ᜇᜒᜆ,E/I,2,2,"bendita, bindita"
ᜊᜒᜈ᜔ᜆᜑ,E/I,2,2,"bentaha, bintaha"
ᜊᜒᜇᜒᜅ᜔,COMBINED,2,2,"bering, biding"
ᜊᜒᜐᜓ,E/I,2,2,"beso, biso"
ᜊᜒᜆᜓᜈ᜔,E/I,2,2,"betun, bitun"
ᜊᜒᜆᜓᜈᜒᜐ᜔,O/U,2,2,"bitones, bitunes"
ᜊᜓᜃᜇᜓᜇ,O/U,2,2,"bokadura, bukadura"
ᜊᜓᜃᜒᜎ᜔ᜌ,O/U,2,2,"bokilya, bukilya"
ᜊᜓᜎᜒᜎ᜔ᜌᜓ,O/U,2,2,"bolilyo, bulilyo"
ᜊᜓᜎᜒᜅ᜔,O/U,2,2,"boling, buling"
ᜊᜓᜎᜒᜆᜐ᜔,O/U,2,2,"bolitas, bulitas"
ᜊᜓᜈᜒᜆᜒ,O/U,2,2,"bonete, bunete"
ᜊᜓᜈᜒᜆ,O/U,2,2,"bonita, bunita"
ᜊᜓᜇ᜔ᜎᜐ᜔,O/U,2,2,"borlas, burlas"
ᜊᜓᜐ᜔ᜌᜓ,O/U,2,2,"bosyo, busyo"
ᜊᜓᜆᜒᜃᜒᜈ᜔,O/U,2,2,"botikin, butikin"
ᜊᜓᜆᜓᜈ᜔,O/U,2,2,"boton, buton"
ᜊᜓᜃᜏᜒ,E/I,2,2,"bukawe, bukawi"
ᜊᜓᜋᜎᜒ,E/I,2,2,"bumale, bumali"
ᜇᜄᜐ,D/R,2,2,"dagasa, ragasa"
ᜇᜆᜌ᜔,D/R,2,2,"datay, ratay"
ᜇᜆᜒᜄ᜔,D/R,2,2,"datig, ratig"
ᜇᜆᜒᜎᜒᜐ᜔,D/R,2,2,"datiles, ratiles"
ᜇᜌᜄ᜔,D/R,2,2,"dayag, rayag"
ᜇᜒᜇᜎ᜔,E/I,2,2,"dedal, didal"
ᜇᜒᜑᜇᜓ,E/I,2,2,"dehado, dihado"
ᜇᜒᜎᜈ᜔ᜆᜎ᜔,E/I,2,2,"delantal, dilantal"
ᜇᜒᜎᜒᜃᜇ,E/I,2,2,"delikada, dilikada"
ᜇᜒᜉᜓ,COMBINED,2,2,"depo, ripo"
ᜇᜒᜇᜁᜈ᜔,E/I,2,2,"derain, dirain"
ᜇᜒᜐᜒᜈ᜔ᜐᜓ,E/I,2,2,"desenso, disenso"
ᜇᜒᜐᜒᜆ᜔ᜐᜓ,E/I,2,2,"desetso, disetso"
ᜇᜒᜐ᜔ᜄᜐ᜔ᜆᜒ,E/I,2,2,"desgaste, disgaste"
ᜇᜒᜐ᜔ᜃᜇ᜔ᜄᜓ,E/I,2,2,"deskargo, diskargo"
ᜇᜒᜐ᜔ᜃᜇᜒᜎ᜔,E/I,2,2,"deskaril, diskaril"
ᜇᜒᜐ᜔ᜋᜌ,E/I,2,2,"desmaya, dismaya"
ᜇᜒᜐ᜔ᜉᜎ᜔ᜃᜓ,E/I,2,2,"despalko, dispalko"
ᜇᜒᜐ᜔ᜉᜆ᜔ᜐᜓ,E/I,2,2,"despatso, dispatso"
ᜇᜒᜐ᜔ᜆᜒᜈᜓ,E/I,2,2,"destino, distino"
ᜇᜒᜎᜒᜋ,E/I,2,2,"dilema, dilima"
ᜇᜒᜋᜇᜒᜋ᜔,D/R,2,2,"dimarim, rimarim"
ᜇᜒᜅᜎ᜔,D/R,2,2,"dingal, ringal"
ᜇᜒᜇ,COMBINED,2,2,"dira, rera"
ᜇᜒᜐᜒᜈ᜔,COMBINED,2,2,"disin, resin"
ᜇᜒᜏᜇ,D/R,2,2,"diwara, riwara"
ᜇᜒᜏᜐ,D/R,2,2,"diwasa, riwasa"
ᜇᜓᜊ᜔ᜎᜒᜑᜒᜈ᜔,O/U,2,2,"doblihin, dublihin"
ᜇᜓᜋᜒᜈᜇᜓ,O/U,2,2,"dominado, duminado"
ᜇᜓᜐᜒ,O/U,2,2,"dose, duse"
ᜇᜓᜊ᜔ᜇᜓᜊ᜔,D/R,2,2,"dubdob, rubdob"
ᜇᜓᜋᜎᜒ,E/I,2,2,"dumale, dumali"
ᜇᜓᜉᜓᜃ᜔,D/R,2,2,"dupok, rupok"
ᜇᜓᜇᜓ,D/R,2,2,"duro, rudo"
ᜁᜊᜓᜈᜒ,E/I,2,2,"eboni, iboni"
ᜁᜇᜒᜋ,COMBINED,2,2,"edema, irima"
ᜁᜎᜇᜓ,E/I,2,2,"elado, ilado"
ᜁᜎᜇᜓᜑᜒᜈ᜔,E/I,2,2,"eladuhin, iladuhin"
ᜁᜋ᜔ᜊᜓᜇᜓ,E/I,2,2,"embudo, imbudo"
ᜁᜋ᜔ᜊᜓᜆᜒᜇᜓ,E/I,2,2,"embutido, imbutido"
ᜁᜋ᜔ᜉᜃᜒ,E/I,2,2,"empake, impake"
ᜁᜋ᜔ᜉᜈᜇ,E/I,2,2,"empanada, impanada"
ᜁᜋ᜔ᜉᜆ᜔ᜐᜓ,E/I,2,2,"empatso, impatso"
ᜁᜋ᜔ᜉᜒᜇ᜔ᜌᜓ,E/I,2,2,"emperyo, imperyo"
ᜁᜈ᜔ᜇᜓᜇ᜔ᜐᜓ,E/I,2,2,"endorso, indorso"
ᜁᜈ᜔ᜇᜓᜐᜓ,E/I,2,2,"endoso, indoso"
ᜁᜅᜒᜅ᜔,E/I,2,2,"engeng, inging"
ᜁᜅ᜔ᜃᜇ᜔ᜄᜓ,E/I,2,2,"engkargo, ingkargo"
ᜁᜈ᜔ᜃᜈ᜔ᜆᜓ,E/I,2,2,"enkanto, inkanto"
ᜁᜈ᜔ᜐᜌᜇᜓ,E/I,2,2,"ensayado, insayado"
ᜁᜈ᜔ᜐᜌᜓ,E/I,2,2,"ensayo, insayo"
ᜁᜈ᜔ᜆ᜔ᜐᜓᜉᜒ,E/I,2,2,"entsupe, intsupe"
ᜁᜐ᜔ᜃᜌᜓᜎ,E/I,2,2,"eskayola, iskayola"
ᜁᜐ᜔ᜃᜒᜎᜇ,E/I,2,2,"eskilada, iskilada"
ᜁᜐ᜔ᜃᜒᜈ,E/I,2,2,"eskina, iskina"
ᜁᜐ᜔ᜃᜒᜈᜒᜆ,E/I,2,2,"eskinita, iskinita"
ᜁᜐ᜔ᜃᜒᜇᜓᜎ᜔,E/I,2,2,"eskirol, iskirol"
ᜁᜐ᜔ᜃᜓᜊ,E/I,2,2,"eskoba, iskoba"
ᜁᜐ᜔ᜃᜓᜋ᜔ᜊ᜔ᜇᜓ,E/I,2,2,"eskombro, iskombro"
ᜁᜐ᜔ᜃᜓᜉᜒᜆ,E/I,2,2,"eskopeta, iskopeta"
ᜁᜐ᜔ᜃᜓᜆᜇ,E/I,2,2,"eskotada, iskotada"
ᜁᜐ᜔ᜃᜓᜇᜓ,E/I,2,2,"eskudo, iskudo"
ᜁᜐ᜔ᜃᜓᜏᜎ,E/I,2,2,"eskuwala, iskuwala"
ᜁᜐ᜔ᜉᜒᜇ᜔ᜋ,E/I,2,2,"esperma, isperma"
ᜁᜐ᜔ᜉᜒᜌ,E/I,2,2,"espiya, ispiya"
ᜁᜐ᜔ᜆᜇ᜔ᜌᜓᜋ᜔,E/I,2,2,"estadyum, istadyum"
ᜁᜐ᜔ᜆᜋ᜔ᜉ,E/I,2,2,"estampa, istampa"
ᜁᜐ᜔ᜆᜈ᜔ᜌᜓ,E/I,2,2,"estanyo, istanyo"
ᜁᜐ᜔ᜆᜆᜓᜏ,E/I,2,2,"estatuwa, istatuwa"
ᜁᜐ᜔ᜆᜒᜄ᜔ᜋ,E/I,2,2,"estigma, istigma"
ᜁᜐ᜔ᜆᜓᜃᜇ,E/I,2,2,"estokada, istokada"
ᜁᜐ᜔ᜆᜓᜉᜇᜓ,O/U,2,2,"estopado, estupado"
ᜁᜐ᜔ᜆ᜔ᜇᜓ,E/I,2,2,"estro, istro"
ᜁᜐ᜔ᜆᜓᜇ᜔ᜌᜓ,E/I,2,2,"estudyo, istudyo"
ᜁᜐ᜔ᜆᜓᜆ᜔ᜐᜒ,E/I,2,2,"estutse, istutse"
ᜄᜇ᜔ᜄᜇᜈ᜔,D/R,2,2,"gadgaran, gargaran"
ᜄᜐᜓᜎᜒᜈ᜔,O/U,2,2,"gasolin, gasulin"
ᜄᜒᜇᜒ,COMBINED,2,2,"gide, giri"
ᜄᜒᜎᜒ,E/I,2,2,"gile, gili"
ᜄᜓᜇ,O/U,2,2,"gora, gura"
ᜑᜊᜓᜈᜒᜇ,O/U,2,2,"habonera, habunera"
ᜑᜊᜓᜈᜒᜇᜓ,O/U,2,2,"habonero, habunero"
ᜑᜊᜓᜈᜒᜆᜒ,O/U,2,2,"habonete, habunete"
ᜑᜒᜊᜒᜎ᜔ᜌ,E/I,2,2,"hebilya, hibilya"
ᜑᜒᜃᜈ᜔,E/I,2,2,"hekan, hikan"
ᜑᜒᜋᜒᜎᜓ,E/I,2,2,"hemelo, himelo"
ᜑᜓᜎᜒᜈ᜔,E/I,2,2,"holen, holin"
ᜑᜓᜇ᜔ᜈᜎ᜔,O/U,2,2,"hornal, hurnal"
ᜑᜓᜇ᜔ᜈᜎᜈ᜔,O/U,2,2,"hornalan, hurnalan"
ᜁᜇᜆᜒᜅ᜔,D/R,2,2,"idating, irating"
ᜁᜇᜒᜐ᜔ᜆᜒᜈᜓ,E/I,2,2,"idestino, idistino"
ᜁᜃᜓᜎ,O/U,2,2,"ikola, ikula"
ᜁᜈ᜔ᜆᜒᜇ᜔ᜈᜐ᜔ᜌᜓᜈᜎ᜔,O/U,2,2,"internasyonal, internasyunal"
ᜁᜉᜒᜇ᜔ᜋᜒ,E/I,2,2,"ipirme, ipirmi"
ᜁᜉᜓᜈ᜔ᜇᜇ᜔,D/R,2,2,"ipundad, ipundar"
ᜁᜐᜒᜄᜓᜇᜓ,E/I,2,2,"iseguro, isiguro"
ᜁᜐᜒᜃ᜔ᜇᜒᜆᜓ,E/I,2,2,"isekreto, isikreto"
ᜁᜆᜓᜇᜓ,COMBINED,2,2,"itodo, ituro"
ᜃᜊᜓᜇ᜔,O/U,2,2,"kabod, kabud"
ᜃᜇᜒᜆᜒ,D/R,2,2,"kadete, karete"
ᜃᜇᜒ,D/R,2,2,"kadi, kari"
ᜃᜇ᜔ᜎᜓ,D/R,2,2,"kadlo, karlo"
ᜃᜇᜓᜄᜓ,D/R,2,2,"kadugo, karugo"
ᜃᜇ᜔ᜌᜓᜐ᜔,O/U,2,2,"kadyos, kadyus"
ᜃᜇ᜔ᜌᜓᜆ᜔,D/R,2,2,"kadyot, karyot"
ᜃᜄ᜔ᜌᜓᜐ᜔,O/U,2,2,"kagyos, kagyus"
ᜃᜑᜓᜎᜓᜄᜈ᜔,O/U,2,2,"kahulogan, kahulugan"
ᜃᜎ᜔ᜋᜒᜈ᜔,E/I,2,2,"kalmen, kalmin"
ᜃᜋᜒᜎ᜔ᜌ,E/I,2,2,"kamelya, kamilya"
ᜃᜈ᜔ᜆᜓᜇ᜔,D/R,2,2,"kantod, kantor"
ᜃᜈ᜔ᜆᜓᜈᜒᜐ᜔,COMBINED,2,2,"kantones, kantunis"
ᜃᜂᜊ,O/U,2,2,"kaoba, kauba"
ᜃᜉᜒᜆᜒᜇ,E/I,2,2,"kapetera, kapitera"
ᜃᜇ᜔ᜇᜒᜈᜎ᜔,E/I,2,2,"kardenal, kardinal"
ᜃᜇᜒᜆᜒᜎ,E/I,2,2,"karetela, karitela"
ᜃᜇᜓᜋᜆ,O/U,2,2,"karomata, karumata"
ᜃᜐᜁᜇᜈ᜔,D/R,2,2,"kasaidan, kasairan"
ᜃᜐᜒᜄᜓᜇᜓᜑᜈ᜔,E/I,2,2,"kaseguruhan, kasiguruhan"
ᜃᜐᜓᜌ᜔,O/U,2,2,"kasoy, kasuy"
ᜃᜒᜎᜓᜏ,E/I,2,2,"keluwa, kiluwa"
ᜃᜒᜋᜒᜐ᜔ᜆ᜔ᜇᜒ,E/I,2,2,"kemestri, kemistri"
ᜃᜒᜈ᜔ᜇᜒᜅ᜔,E/I,2,2,"kendeng, kinding"
ᜃᜒᜅ᜔ᜃᜒᜅ᜔,E/I,2,2,"kengkeng, kingking"
ᜃᜒᜇᜒᜇ,E/I,2,2,"kerida, kirida"
ᜃᜒᜆᜓᜅᜒᜈ᜔,O/U,2,2,"ketongin, ketungin"
ᜃᜒᜅ᜔ᜃᜒ,E/I,2,2,"kingke, kingki"
ᜃᜒᜆ᜔ᜐᜒ,E/I,2,2,"kitse, kitsi"
ᜃᜓᜃᜓᜃ᜔,O/U,2,2,"kokok, kukok"
ᜃᜓᜎᜑᜈ᜔,O/U,2,2,"kolahan, kulahan"
ᜃᜓᜎᜐ᜔ᜌᜓᜈ᜔,O/U,2,2,"kolasyon, kulasyon"
ᜃᜓᜎᜒᜆᜒᜐ᜔,O/U,2,2,"kolitis, kulitis"
ᜃᜓᜎᜓᜇ᜔,O/U,2,2,"kolor, kulor"
ᜃᜓᜎᜓᜇᜈ᜔,O/U,2,2,"koloran, kuluran"
ᜃᜓᜎᜓᜋ᜔ᜈ,O/U,2,2,"kolumna, kulumna"
ᜃᜓᜋᜇ᜔ᜇᜒ,O/U,2,2,"komadre, kumadre"
ᜃᜓᜋ᜔ᜊᜓᜌ᜔,O/U,2,2,"komboy, kumboy"
ᜃᜓᜋᜒᜇᜓᜇ᜔,E/I,2,2,"komedor, komidor"
ᜃᜓᜋ᜔ᜉᜇ᜔ᜇᜒ,O/U,2,2,"kompadre, kumpadre"
ᜃᜓᜋ᜔ᜉᜓᜐᜒᜆᜓᜇ᜔,D/R,2,2,"kompositod, kompositor"
ᜃᜓᜋᜓᜈ᜔,O/U,2,2,"komun, kumon"
ᜃᜓᜋᜓᜈ᜔ᜌᜓᜈ᜔,O/U,2,2,"komunyon, kumunyon"
ᜃᜓᜈ᜔ᜇᜓᜎ᜔,O/U,2,2,"kondol, kundol"
ᜃᜓᜈ᜔ᜆ᜔ᜇᜃ᜔ᜆᜓᜇ᜔,D/R,2,2,"kontraktod, kontraktor"
ᜃᜓᜇᜎ᜔,O/U,2,2,"koral, kural"
ᜃᜓᜇ᜔ᜇᜓᜈ᜔,O/U,2,2,"kordon, kurdon"
ᜃᜓᜇᜒᜀ,O/U,2,2,"korea, kurea"
ᜃᜓᜇᜒᜇᜓᜇ᜔,E/I,2,2,"koredor, koridor"
ᜃᜓᜐᜒᜈᜒᜇ,O/U,2,2,"kosinera, kusinera"
ᜃᜓᜐ᜔ᜆᜎ᜔,O/U,2,2,"kostal, kustal"
ᜃᜓᜐ᜔ᜆᜓᜇ,O/U,2,2,"kostura, kustura"
ᜃᜓᜆᜒᜑᜓ,O/U,2,2,"koteho, kuteho"
ᜃᜓᜆᜓᜈ᜔,O/U,2,2,"koton, kuton"
ᜃᜓᜎᜉᜓ,O/U,2,2,"kulapo, kulapu"
ᜃᜓᜋᜓᜃᜃ᜔,O/U,2,2,"kumokak, kumukak"
ᜃᜓᜋᜓᜈ᜔ᜐᜓᜎ᜔ᜆ,O/U,2,2,"kumonsulta, kumunsulta"
ᜃᜓᜋ᜔ᜉᜒᜆᜒᜐ᜔,E/I,2,2,"kumpites, kumpitis"
ᜃᜓᜇᜒᜃᜓᜎᜓᜋ᜔,O/U,2,2,"kurikulom, kurikulum"
ᜃᜓᜇᜓᜐ᜔,O/U,2,2,"kuros, kurus"
ᜎᜒᜀᜇ᜔,E/I,2,2,"lead, liad"
ᜎᜒᜑᜒᜀ,E/I,2,2,"lehia, lihia"
ᜎᜒᜆ᜔ᜐᜓᜈ᜔,E/I,2,2,"letson, litson"
ᜎᜓᜊ,O/U,2,2,"loba, luba"
ᜎᜓᜈ,O/U,2,2,"lona, luna"
ᜋᜇᜋᜌ᜔,D/R,2,2,"madamay, maramay"
ᜋᜇᜋ᜔ᜇᜋᜒᜈ᜔,D/R,2,2,"madamdamin, maramdamin"
ᜋᜇᜋ᜔ᜆᜈ᜔,D/R,2,2,"madamtan, maramtan"
ᜋᜇᜒᜏᜇ,D/R,2,2,"madiwara, mariwara"
ᜋᜇᜓᜎᜐ᜔,D/R,2,2,"madulas, marulas"
ᜋᜇᜓᜋ᜔ᜑᜈ᜔,D/R,2,2,"madumhan, marumhan"
ᜋᜇᜓᜐᜒᜅ᜔,D/R,2,2,"madusing, marusing"
ᜋᜄ᜔ᜊᜇ᜔ᜌ,D/R,2,2,"magbadya, magbarya"
ᜋᜄ᜔ᜊᜓᜎ,O/U,2,2,"magbola, magbula"
ᜋᜄ᜔ᜇᜌ,D/R,2,2,"magdaya, magraya"
ᜋᜄ᜔ᜃᜓᜎ,O/U,2,2,"magkola, magkula"
ᜋᜄ᜔ᜃᜓᜎᜓᜇ᜔,O/U,2,2,"magkolor, magkulor"
ᜋᜄ᜔ᜃᜓᜇᜓᜐ᜔,O/U,2,2,"magkuros, magkurus"
ᜋᜄ᜔ᜉᜇᜒ,E/I,2,2,"magpare, magpari"
ᜋᜄ᜔ᜉᜒᜃᜒᜆ᜔,E/I,2,2,"magpiket, magpikit"
ᜋᜄ᜔ᜉᜒᜇ᜔ᜋᜒ,E/I,2,2,"magpirme, magpirmi"
ᜋᜄ᜔ᜉᜓᜎ᜔ᜊᜓ,O/U,2,2,"magpolbo, magpulbo"
ᜋᜃᜇᜁᜄ᜔,D/R,2,2,"makadaig, makaraig"
ᜋᜋ᜔ᜊᜓᜎ,O/U,2,2,"mambola, mambula"
ᜋᜋᜒᜎᜓᜃᜓ,E/I,2,2,"mameluko, mamiluko"
ᜋᜂᜊ᜔ᜎᜒᜄ,O/U,2,2,"maobliga, maubliga"
ᜋᜉᜇᜓᜂᜎ᜔,O/U,2,2,"maparool, maparuol"
ᜋᜇ᜔ᜑᜒᜈ᜔,E/I,2,2,"marhen, marhin"
ᜋᜆᜓᜃ,O/U,2,2,"matoka, matuka"
ᜋᜂᜋᜒᜇᜓ,E/I,2,2,"maumedo, maumido"
ᜋᜌᜓᜇ᜔ᜌ,O/U,2,2,"mayorya, mayurya"
ᜋᜒᜈ᜔ᜆ,E/I,2,2,"menta, minta"
ᜋᜒᜈᜓᜇᜓ,E/I,2,2,"menudo, minudo"
ᜋᜒᜐᜒᜆ,E/I,2,2,"mesita, miseta"
ᜋᜒᜐ᜔ᜆᜒᜐ,E/I,2,2,"mestisa, mistisa"
ᜋᜒᜃᜒ,E/I,2,2,"mike, miki"
ᜋᜓᜇᜎ᜔,O/U,2,2,"moral, mural"
ᜋᜓᜆᜓᜈ᜔,O/U,2,2,"moton, muton"
ᜈᜃᜇᜉ,D/R,2,2,"nakadapa, nakarapa"
ᜈᜒᜈᜒ,E/I,2,2,"nene, nini"
ᜂᜑᜎᜒᜐ᜔,O/U,2,2,"ohales, uhales"
ᜂᜑᜒᜆᜒᜐ᜔,O/U,2,2,"ohetes, uhetes"
ᜂᜑᜒᜌ,O/U,2,2,"ohiya, uhiya"
ᜂᜑᜓ,O/U,2,2,"oho, uho"
ᜂᜁᜇᜓ,O/U,2,2,"oido, uido"
ᜂᜃ᜔ᜆᜓᜉᜓᜐ᜔,O/U,2,2,"oktopus, oktupos"
ᜂᜃᜓᜉᜑᜈ᜔,O/U,2,2,"okupahan, ukupahan"
ᜂᜎᜈ᜔ᜇᜒᜐ᜔,O/U,2,2,"olandes, ulandes"
ᜂᜎᜈ᜔ᜇᜒᜐ,O/U,2,2,"olandesa, ulandesa"
ᜂᜋᜒᜎᜒᜆ᜔,COMBINED,2,2,"omelet, umilit"
ᜂᜈ᜔ᜇ᜔ᜇᜐ᜔,O/U,2,2,"ondras, undras"
ᜂᜉᜒᜐ᜔ᜌᜓ,O/U,2,2,"opisyo, upisyo"
ᜂᜇᜒᜈᜓᜎ,O/U,2,2,"orinola, urinola"
ᜂᜇᜓᜉᜒᜎ᜔,O/U,2,2,"oropel, urupel"
ᜂᜐ᜔ᜌᜓᜐᜓ,O/U,2,2,"osyoso, usyoso"
ᜉᜇᜋᜒᜆ᜔,D/R,2,2,"padamit, paramit"
ᜉᜇᜐᜎ᜔,D/R,2,2,"padasal, parasal"
ᜉᜇᜒᜅ᜔,COMBINED,2,2,"pading, pareng"
ᜉᜇᜒᜉ,D/R,2,2,"padipa, paripa"
ᜉᜇ᜔ᜇᜓᜈᜈ᜔,O/U,2,2,"padronan, padrunan"
ᜉᜇ᜔ᜇᜓᜈᜒᜈ᜔,O/U,2,2,"padronin, padrunin"
ᜉᜄ᜔ᜇᜇᜄ᜔ᜇᜄ᜔,D/R,2,2,"pagdadagdag, pagdaragdag"
ᜉᜄ᜔ᜆᜓᜇᜓ,COMBINED,2,2,"pagtodo, pagturo"
ᜉᜄ᜔ᜆᜓᜃ,O/U,2,2,"pagtoka, pagtuka"
ᜉᜈᜇ,D/R,2,2,"panada, panara"
ᜉᜈ᜔ᜇᜌ,D/R,2,2,"pandaya, panraya"
ᜉᜈ᜔ᜇᜒᜐᜎ᜔,E/I,2,2,"pandesal, pandisal"
ᜉᜅ᜔ᜑᜒ,E/I,2,2,"panghe, panghi"
ᜉᜈ᜔ᜆᜒ,E/I,2,2,"pante, panti"
ᜉᜂᜐ᜔,O/U,2,2,"paos, paus"
ᜉᜇᜊᜓᜎ,O/U,2,2,"parabola, parabula"
ᜉᜐᜒᜄᜓᜇᜓ,E/I,2,2,"paseguro, pasiguro"
ᜉᜆ᜔ᜇᜓᜎ᜔ᜌ,O/U,2,2,"patrolya, patrulya"
ᜉᜆ᜔ᜐᜒᜑᜈ᜔,E/I,2,2,"patsehan, patsihan"
ᜉᜒᜇᜒᜇᜓ,E/I,2,2,"pedido, pidido"
ᜉᜒᜎᜓᜐ᜔,E/I,2,2,"pelus, pilus"
ᜉᜒᜈᜓᜋᜒᜈᜓ,E/I,2,2,"penomeno, penomino"
ᜉᜒᜆᜎ᜔,E/I,2,2,"petal, pital"
ᜉᜒᜇ᜔ᜋᜒ,E/I,2,2,"pirme, pirmi"
ᜉᜒᜐ᜔ᜆᜓᜎ,O/U,2,2,"pistola, pistula"
ᜉ᜔ᜎᜓᜋᜒᜇᜓ,O/U,2,2,"plomero, plumero"
ᜉᜓᜎᜌ᜔ᜈᜐ᜔,O/U,2,2,"polaynas, pulaynas"
ᜉᜓᜎ᜔ᜊᜒᜇ,O/U,2,2,"polbera, pulbera"
ᜉᜓᜎ᜔ᜊᜓᜑᜈ᜔,O/U,2,2,"polbohan, pulbuhan"
ᜉᜓᜎᜒᜈ᜔,COMBINED,2,2,"polen, pulin"
ᜉᜓᜎᜒᜎ᜔ᜌ,O/U,2,2,"polilya, pulilya"
ᜉᜓᜎᜓᜐᜒᜇ᜔ᜆ᜔,E/I,2,2,"polosert, polosirt"
ᜉᜓᜋᜒᜈ᜔ᜆᜓ,O/U,2,2,"pomento, pumento"
ᜉᜓᜇ᜔ᜋᜐ᜔,O/U,2,2,"pormas, purmas"
ᜉᜓᜇ᜔ᜆᜓᜈ,O/U,2,2,"portuna, purtuna"
ᜉᜓᜐ᜔ᜉᜐ᜔,O/U,2,2,"pospas, puspas"
ᜉ᜔ᜇᜓᜊᜇᜓ,O/U,2,2,"probado, prubado"
ᜉ᜔ᜇᜓᜊᜑᜈ᜔,O/U,2,2,"probahan, prubahan"
ᜉᜓᜋᜒᜇ᜔ᜋᜒ,E/I,2,2,"pumirme, pumirmi"
ᜉᜓᜐᜓᜇᜈ᜔,D/R,2,2,"pusudan, pusuran"
ᜇᜒᜊᜓᜐᜇᜓ,COMBINED,2,2,"rebosado, ribusado"
ᜇᜒᜊ᜔ᜌᜓᜑᜒᜈ᜔,E/I,2,2,"rebyuhin, ribyuhin"
ᜇᜒᜄᜇᜒᜇ,E/I,2,2,"regadera, rigadera"
ᜇᜒᜃᜓᜇᜒᜇ,COMBINED,2,2,"rekorida, rikurida"
ᜇᜒᜎ᜔ᜌᜒᜊᜓ,E/I,2,2,"relyebo, rilyebo"
ᜇᜒᜎ᜔ᜌᜒᜈᜓ,E/I,2,2,"relyeno, rilyeno"
ᜇᜒᜋᜆ᜔ᜐᜒ,E/I,2,2,"rematse, rimatse"
ᜇᜒᜈ᜔ᜇᜒ,E/I,2,2,"rendi, rindi"
ᜇᜒᜈ᜔ᜇᜒᜇᜓ,E/I,2,2,"rendido, rindido"
ᜇᜒᜉᜒᜇᜒᜈ᜔ᜇᜓᜋ᜔,O/U,2,2,"reperendom, reperendum"
ᜇᜒᜉᜒᜃᜒ,E/I,2,2,"repike, ripike"
ᜇᜒᜐᜒᜊᜒ,E/I,2,2,"resibe, resibi"
ᜇᜒᜐᜒᜉᜒ,E/I,2,2,"resipe, resipi"
ᜇᜒᜄᜓᜇᜓᜈ᜔,O/U,2,2,"rigodon, rigudon"
ᜇᜒᜐᜒᜐ᜔,E/I,2,2,"rises, risis"
ᜇᜓᜎ᜔ᜌᜓᜑᜈ᜔,O/U,2,2,"rolyohan, rolyuhan"
ᜇᜓᜎ᜔ᜌᜓᜑᜒᜈ᜔,O/U,2,2,"rolyohin, rolyuhin"
ᜇᜓᜉᜒᜇᜓ,O/U,2,2,"ropero, rupero"
ᜇᜓᜆᜒᜈ,O/U,2,2,"rotina, rutina"
ᜇᜓᜉᜒᜃᜒ,E/I,2,2,"rupeke, rupike"
ᜐᜁᜇᜒᜈ᜔,D/R,2,2,"saidin, sairin"
ᜐᜅ᜔ᜃᜒ,E/I,2,2,"sangke, sangki"
ᜐᜒᜊᜓ,E/I,2,2,"sebo, sibo"
ᜐᜒᜄᜒᜇ,E/I,2,2,"segida, sigida"
ᜐᜒᜄᜓᜈ᜔,E/I,2,2,"segun, sigun"
ᜐᜒᜄᜓᜇᜓᜑᜒᜈ᜔,E/I,2,2,"seguruhin, siguruhin"
ᜐᜒᜃᜈ᜔ᜆᜒ,E/I,2,2,"sekante, sikante"
ᜐᜒᜃᜒ,E/I,2,2,"seke, siki"
ᜐᜒᜋᜈ,E/I,2,2,"semana, simana"
ᜐᜒᜋᜒᜈ᜔ᜆ᜔,E/I,2,2,"sement, siment"
ᜐᜒᜈᜒᜐ,E/I,2,2,"senisa, sinisa"
ᜐᜒᜈᜒᜐᜇᜓ,E/I,2,2,"senisado, sinisado"
ᜐᜒᜈ᜔ᜐᜒᜎ᜔ᜌᜓ,E/I,2,2,"sensilyo, sinsilyo"
ᜐᜒᜈ᜔ᜌᜎ᜔,E/I,2,2,"senyal, sinyal"
ᜐᜒᜈ᜔ᜌᜓᜇ,E/I,2,2,"senyora, sinyora"
ᜐᜒᜉᜓ,E/I,2,2,"sepo, sipo"
ᜐᜒᜇ᜔ᜌᜎ᜔,E/I,2,2,"seryal, siryal"
ᜐᜒᜋ᜔ᜊᜓᜇ᜔ᜌᜓ,O/U,2,2,"simboryo, simburyo"
ᜐᜓᜎᜇ᜔,O/U,2,2,"solar, sular"
ᜐᜓᜎᜒᜑᜒᜌ,O/U,2,2,"solihiya, sulihiya"
ᜐᜓᜎ᜔ᜆᜒᜇ,O/U,2,2,"soltera, sultera"
ᜐᜓᜎ᜔ᜆᜒᜇᜓ,O/U,2,2,"soltero, sultero"
ᜐᜓᜅ᜔ᜄᜓ,O/U,2,2,"songgo, sunggo"
ᜐᜓᜂ,O/U,2,2,"soo, suo"
ᜐᜓᜉ,O/U,2,2,"sopa, supa"
ᜐᜓᜇ᜔ᜊᜒᜆᜒᜐ᜔,O/U,2,2,"sorbetes, surbetes"
ᜐᜓᜌ,O/U,2,2,"soya, suya"
ᜐᜓᜋᜓᜐᜓᜈᜓᜇ᜔,O/U,2,2,"sumusonod, sumusunod"
ᜐᜓᜉᜒᜇ᜔ᜊᜒᜐᜓᜇ᜔,D/R,2,2,"superbisod, superbisor"
ᜆᜊᜒᜃᜒ,E/I,2,2,"tabike, tabiki"
ᜆᜊᜓ,O/U,2,2,"tabo, tabu"
ᜆᜑᜓᜇᜒ,E/I,2,2,"tahure, tahuri"
ᜆᜋ᜔ᜊᜓᜇᜒᜈ᜔,O/U,2,2,"tamborin, tamburin"
ᜆᜂᜉᜓ,O/U,2,2,"taopo, taupo"
ᜆᜉᜒ,E/I,2,2,"tape, tapi"
ᜆᜏ᜔ᜄᜒ,E/I,2,2,"tawge, tawgi"
ᜆᜒᜋᜅ᜔,E/I,2,2,"temang, timang"
ᜆᜒᜈᜒᜐ᜔,E/I,2,2,"tenis, tinis"
ᜆᜒᜇᜒᜐ᜔,E/I,2,2,"teres, tiris"
ᜆᜒᜐ᜔ᜆᜒᜐ᜔,E/I,2,2,"testis, tistis"
ᜆᜒᜎ᜔ᜊᜓᜇᜒ,E/I,2,2,"tilbure, tilburi"
ᜆᜒᜐᜓᜇᜒᜈ᜔,D/R,2,2,"tisudin, tisurin"
ᜆᜓᜄᜒ,COMBINED,2,2,"toge, tugi"
ᜆᜓᜃᜌ,O/U,2,2,"tokaya, tukaya"
ᜆᜓᜃᜌᜓ,O/U,2,2,"tokayo, tukayo"
ᜆᜓᜇ᜔ᜈᜒᜎ᜔ᜌᜓ,O/U,2,2,"tornilyo, turnilyo"
ᜆᜓᜇ᜔ᜈᜓ,O/U,2,2,"torno, turno"
ᜆᜓᜇ᜔ᜉᜒᜇᜓ,E/I,2,2,"torpedo, torpido"
ᜆᜓᜐ᜔ᜆᜇᜓ,O/U,2,2,"tostado, tustado"
ᜆᜓᜌᜁᜈ᜔,O/U,2,2,"toyain, tuyain"
ᜆ᜔ᜇᜇᜒᜐ᜔ᜌᜓᜈᜎ᜔,O/U,2,2,"tradisyonal, tradisyunal"
ᜆ᜔ᜇᜓᜋ᜔ᜉᜓ,O/U,2,2,"trompo, trumpo"
ᜆ᜔ᜐᜒᜋᜒᜈᜒᜀ,E/I,2,2,"tsimenea, tsiminea"
ᜆ᜔ᜐᜓᜇᜒᜐᜓ,O/U,2,2,"tsoriso, tsuriso"
ᜆᜓᜉᜒ,E/I,2,2,"tupe, tupi"
ᜆᜓᜇ᜔ᜈᜓᜑᜈ᜔,O/U,2,2,"turnohan, turnuhan"
ᜂᜋᜐᜒᜐ᜔ᜆᜒ,E/I,2,2,"umasiste, umasisti"
ᜂᜋᜒᜇᜓ,E/I,2,2,"umedo, umido"
ᜂᜋᜒᜐ᜔ᜃᜎ,E/I,2,2,"umeskala, umiskala"
ᜂᜂᜋ᜔,O/U,2,2,"uom, uum"
ᜏᜇ᜔ᜇᜒᜈ᜔,D/R,2,2,"warden, warren"
